toxin_id,toxin_name,category,phase,cns,cvs,respiratory,gi,other,odour,route,sample
T01,Organophosphate Compounds,Pesticide,Phase 1 — Early (0–30 min) [Ingestion / Inhalation],Anxiety; Restlessness; Headache; Miosis begins (pupils start constricting),Mild bradycardia begins; Blood pressure normal/slightly low,Mild rhinorrhoea; Chest tightness begins,Nausea; Hypersalivation begins; Abdominal discomfort,Lacrimation; Diaphoresis (sweating); Urinary urgency,Garlic / kerosene odour (from formulation solvent — OPTIONAL; may not be present),Ingestion (suicidal — most common India); Dermal/Inhalation (occupational),Gastric lavage contents; Blood (RBC ChE baseline)
T01,Organophosphate Compounds,Pesticide,Phase 2 — Acute (30 min–2 hrs),MIOSIS (pinpoint pupils — hallmark); Confusion; Muscle fasciculations; Anxiety; Headache severe,Bradycardia (significant); Hypotension; QTc prolongation on ECG,Bronchospasm; Excessive bronchial secretions; Dyspnoea,Vomiting (profuse); Diarrhoea; Abdominal cramps; Hypersalivation (SLUDGE),"SLUDGE syndrome: Salivation, Lacrimation, Urination, Defecation, GI distress, Emesis; Muscle twitching",Garlic / kerosene odour (if ingested formulation; OPTIONAL),Ingestion (suicidal — most common India); Dermal/Inhalation (occupational),Blood (RBC AChE — depressed); Gastric lavage; Urine (alkyl phosphate metabolites)
T01,Organophosphate Compounds,Pesticide,Phase 3 — Established (2–12 hrs),Seizures (generalised); Coma (progressive); Miosis persists; Muscle paralysis begins,Severe bradycardia or tachycardia (nicotinic); Arrhythmia; Hypotension worsening,Respiratory failure (bronchospasm + secretions + muscle paralysis); Cyanosis,Profuse diarrhoea; Uncontrolled defecation; Incontinence (urinary),Generalised weakness; Flaccid paralysis; Bladder/bowel incontinence; Coma deepens,Garlic odour may persist in gastric contents (OPTIONAL),Ingestion (suicidal); Dermal/Inhalation (occupational),Blood (serial RBC AChE); Urine (GC-MS metabolites); Viscera if fatal
T01,Organophosphate Compounds,Pesticide,Phase 4 — Delayed/IMS (24–96 hrs post-acute),Intermediate Syndrome (IMS): Proximal limb weakness; Cranial nerve palsies; Neck flexor weakness,Resolved if survived; Cardiac status stabilising,Respiratory paralysis (IMS — can re-occur after seemingly recovered); Requires ventilator,Mostly resolved,"IMS affects proximal limbs, neck flexors, cranial nerves; No miosis at this stage; Organophosphate-induced delayed neuropathy (OPIDN) possible weeks later",None at this stage,Ingestion (prior); Ongoing systemic exposure,Blood (RBC AChE — recovery monitor); Urine (metabolites still detectable); EMG (nerve conduction)
T02,Aluminium Phosphide,Pesticide,Phase 1 — Early (0–30 min),Anxiety; Restlessness; Headache; Dizziness,Normal or mild hypotension begins,Mild dyspnoea; Chest discomfort,Nausea; Vomiting begins; Epigastric burning; Abdominal pain,Garlic/fish odour strongly present at this phase,GARLIC / DECAYING FISH odour (phosphine + diphosphines; OFTEN STRONGLY PRESENT — practically diagnostic),Ingestion (tablet/pellet — suicidal); Inhalation (phosphine gas released),Gastric lavage (CRITICAL — early); Blood (phosphine) Silver nitrate paper test at bedside
T02,Aluminium Phosphide,Pesticide,Phase 2 — Acute (30 min–4 hrs),Severe headache; Confusion; Agitation; Restlessness worsening,SEVERE HYPOTENSION; Cardiac arrhythmias (multiple types); Sinus tachycardia → bradycardia,Pulmonary oedema developing; Dyspnoea; Cough; Respiratory distress,Profuse vomiting; Abdominal pain; Corrosive injury to GI mucosa,Metabolic acidosis (severe); Mg2+ falls (hypomagnesaemia); Lactic acidosis; Diaphoresis,GARLIC / FISH odour persists strongly in breath and gastric contents,Ingestion (tablet),Gastric lavage; Blood (ABG — metabolic acidosis); Blood phosphine; Serum Mg2+; ECG monitoring
T02,Aluminium Phosphide,Pesticide,Phase 3 — Severe/Terminal (4–24 hrs),Coma; Seizures (if hypoxia); Unresponsive,"Cardiovascular collapse; Refractory hypotension; Multiple ECG changes (ST changes, QTc widening); Cardiac arrest",Pulmonary oedema fully established; Respiratory failure; Cyanosis,Haematemesis (GI bleeding); Blood-stained vomit; Ileus,Multiorgan failure; DIC (coagulation failure); Acute kidney injury; Hepatic dysfunction,Odour may be diminishing as phosphine depletes; still detectable in gastric contents,Ingestion,Post-mortem: Lung tissue (phosphine); Liver; Gastric contents; Blood phosphine; Histopathology
T03,Arsenic,Heavy Metal,"Phase 1 — Acute Early (0–2 hrs, acute ingestion)",Headache; Anxiety; No major CNS signs yet,Normal or mildly abnormal,No significant resp signs,DOMINANT at this phase: Violent vomiting; Severe abdominal colic; Rice-water diarrhoea (classic — resembles cholera),Garlic breath (acute); Metallic taste; Burning sensation in throat/oesophagus,GARLIC / ONION odour (acute ingestion; OPTIONAL — may be faint),Ingestion (acute — homicidal/ suicidal); Inhalation (industrial),Gastric lavage contents; Urine (arsenic — acute); Blood
T03,Arsenic,Heavy Metal,Phase 2 — Acute Established (2–24 hrs),Encephalopathy begins; Confusion; Delirium; Seizures (severe cases); Headache worsening,Hypotension; Cardiac arrhythmias; QTc prolongation,Respiratory depression (severe poisoning),Haemorrhagic gastroenteritis; Blood-stained rice-water diarrhoea; Dehydration,Peripheral neuropathy begins; Muscle weakness; Acute renal failure; Haemolysis,Garlic odour in breath and gastric contents,Ingestion (acute),Blood (arsenic level); Urine (inorganic arsenic); Viscera if fatal; Gastric lavage
T03,Arsenic,Heavy Metal,Phase 3 — Chronic (weeks–months of repeated exposure),Peripheral neuropathy (stocking-glove pattern); Encephalopathy; Memory impairment; Behavioural changes,Pericarditis (rare); Cardiac arrhythmia,No significant acute respiratory signs,Abdominal pain; Nausea (recurrent); Anorexia; Weight loss,MEES' LINES on nails (transverse white bands; 1 line = 1 episode); Raindrop pigmentation on skin; Hyperpigmentation; Keratosis (palms/soles); Alopecia,May be absent in chronic; or faint garlic odour on body/nails,Ingestion (chronic — repeatedly over time; homicidal pattern),HAIR (GOLD — 1 cm = 1 month); Nails; Urine; Blood (less useful chronic)
T04,Mercury,Heavy Metal,"Phase 1 — Acute (0–2 hrs, inorganic ingestion)",Headache; Irritability; No major CNS at this phase,Normal,Chemical pneumonitis if vapour inhaled; otherwise minimal,Metallic taste; Nausea; Vomiting; Abdominal pain; Corrosive mouth/throat burns,Excessive salivation (ptyalism); Burning throat; Metallic taste (hallmark early sign),Metallic taste (subjective; not external odour; NO characteristic external odour),Ingestion (inorganic — HgCl2); Inhalation (vapour — Hg0); Dermal (organic methyl mercury),Gastric lavage contents; Blood (mercury level); Urine
T04,Mercury,Heavy Metal,Phase 2 — Acute Established (2–24 hrs),CNS effects begin: Confusion; Tremors; Headache worsening; Anxiety,Hypertension; Tachycardia,Pulmonary oedema (vapour inhalation); Chemical pneumonitis,Haemorrhagic colitis; Profuse bloody diarrhoea; Severe abdominal pain,Oliguria beginning; Renal tubular damage; Proteinuria; Acute kidney failure,No characteristic external odour (mercury has none),Ingestion/Inhalation,Blood (Hg level); Urine (mercury excretion); Renal function tests
T04,Mercury,Heavy Metal,"Phase 3 — Chronic (weeks–months, methyl mercury / repeated exposure)",ERETHISM (hallmark chronic Hg): Irritability; Shyness; Timidity; Memory loss; Insomnia; Depression; Ataxia; Tremors (intentional),Hypertension,No significant resp signs,Anorexia; Weight loss; Nausea (mild),ACRODYNIA (pink disease) in children: Pink painful extremities; Swollen hands/feet; Hypertension; Diaphoresis; Tachycardia in children,No external odour,Ingestion/Inhalation/ Dermal (organic mercury) — chronic exposure,Hair (organic mercury; chronic exposure); Urine (inorganic chronic); Blood; Nails
T05,Morphine / Heroin / Opioids,Alkaloid/Drug,"Phase 1 — Early (0–30 min, IV/IM route; or 30–90 min oral)",Euphoria (initial); Analgesia; Drowsiness; Miosis begins,Mild bradycardia; Mild hypotension; Peripheral vasodilation,Mild respiratory rate reduction,Nausea; Vomiting (early — common); Decreased bowel sounds,Itching/flushing (histamine release); Warmth; Drowsiness,NO characteristic odour (opium itself has earthy smell — usually not present in processed forms),IV injection (heroin — fastest; 7–8 sec onset); Ingestion (morphine oral; 30–90 min); Inhalation (smoking),Blood (morphine level); Urine (immunoassay screen); Gastric lavage (oral)
T05,Morphine / Heroin / Opioids,Alkaloid/Drug,Phase 2 — Acute (30 min–2 hrs),CLASSIC TRIAD: 1. Miosis (pinpoint — hallmark) 2. Decreased consciousness (stupor → coma) 3. Respiratory depression; Seizures rare; Hyporeflexia,Bradycardia; Hypotension; Peripheral vasodilation; Cool clammy skin,RESPIRATORY DEPRESSION (primary cause of death); Slow rate <8/min; Shallow; Irregular; Cyanosis,Vomiting (aspiration risk); Decreased bowel motility; Constipation,Hypothermia; Pale/cyanosed skin; Flaccid muscles; Needle track marks (IV); Naloxone reverses all signs,NO characteristic odour,IV injection / Ingestion / Inhalation,Blood (morphine/6-MAM); Urine (immunoassay); Gastric lavage (oral route)
T05,Morphine / Heroin / Opioids,Alkaloid/Drug,Phase 3 — Severe/Fatal (>2 hrs untreated),Deep coma; Absent reflexes; Brain death (anoxia),Circulatory collapse; Cardiac arrest (hypoxia),Apnoea; Respiratory arrest; Aspiration pneumonia,Ileus; Constipation,Hypoxic brain injury; Rhabdomyolysis; Compartment syndrome (prolonged immobility),NO characteristic odour,IV injection / Ingestion,Post-mortem blood (femoral — avoid cardiac); Vitreous humour; Hair (chronic use history); Liver
T06,Strychnine,Alkaloid/Drug,Phase 1 — Prodrome (0–15 min),Apprehension; Restlessness; Hyperacusis (sensitivity to sounds/stimuli); Stiffness begins,Tachycardia; Hypertension,Normal,Bitter taste; Nausea; Vomiting (early),"Heightened sensory sensitivity to light, noise, touch; Jaw stiffness",INTENSELY BITTER taste (not external odour; subjective by victim; NO external odour),Ingestion (bitter tablet/ powder); Rarely inhalation,Gastric lavage contents (CRITICAL — early); Urine; Blood
T06,Strychnine,Alkaloid/Drug,Phase 2 — Acute Spasms (15–60 min),OPISTHOTONOS (arched back); GENERALISED TONIC CONVULSIONS (hallmark); PATIENT FULLY CONSCIOUS DURING SPASMS; Risus sardonicus (fixed grin — facial spasm); Hyperreflexia,Hypertension severe; Tachycardia; Risk of cardiac failure from spasm effort,Respiratory muscle spasm → Apnoea during convulsions; Cyanosis,Vomiting risk (aspiration danger); Abdominal muscle spasm,"Spasms triggered by any sensory stimulus (light, sound, touch); Muscle hyperthermia; Rhabdomyolysis; Profuse sweating",NO external odour,Ingestion,Blood (strychnine level); Urine; Gastric lavage
T06,Strychnine,Alkaloid/Drug,Phase 3 — Late/Fatal (>1 hr repeated spasms),Death from exhaustion or asphyxia; Continuous spasms; No recovery between,Cardiac failure (exertion + hypoxia); Arrhythmia,Respiratory arrest (from muscle rigidity); Terminal cyanosis,Ileus,Hyperthermia (40°C+); Severe lactic acidosis; Renal failure (myoglobin); DIC,NO external odour,Ingestion,"Post-mortem blood; Urine; Viscera (liver, kidney); Gastric contents"
T07,Cyanide,Volatile/Gas,Phase 1 — Hyper-acute (0–5 min — gas; 0–30 min — ingested salts),Headache; Dizziness; Anxiety; Confusion; Rapid loss of consciousness (HCN gas: seconds–2 min),Hypertension (early); Tachycardia (early),Hyperpnoea (rapid); Dyspnoea,Nausea; Vomiting (if ingested salts),Flushed skin (early; histotoxic hypoxia); Lactic acidosis building,BITTER ALMOND odour (HCN — classic; ~40–60% of population can detect it; OPTIONAL — genetic),Inhalation (HCN gas — fastest); Ingestion (KCN/NaCN salts); Amygdalin (seeds — slower onset),Gastric lavage (ingestion); Blood (whole blood — cyanide unstable in serum)
T07,Cyanide,Volatile/Gas,Phase 2 — Acute Collapse (5–30 min),Seizures; Coma; Complete unconsciousness; Fixed dilated pupils (late),BRIGHT RED VENOUS BLOOD (arterialised — hallmark); Cardiovascular collapse; Bradycardia → arrest; Hypotension,Respiratory failure; Irregular breathing; Apnoea,Hypersalivation (ingestion),Lactic acidosis (severe); High anion gap; Bright red venous blood (venous pO2 high — oxygen not utilised); Cyanosis ABSENT (paradox — key sign),"Bitter almond odour persists in breath, gastric contents, post-mortem tissues",Inhalation / Ingestion,Whole blood (cyanide; NOT serum); Post-mortem blood; Gastric contents; Lung (if inhaled)
T08,Carbon Monoxide,Volatile/Gas,Phase 1 — Mild (COHb 10–20%),Headache (frontal; hallmark early sign); Dizziness; Confusion; Nausea,Mild tachycardia; Vasodilation,Dyspnoea on exertion,Nausea; Vomiting,Fatigue; Weakness; Visual disturbances; Cherry-red skin (may appear),NO odour — CO is COLOURLESS AND ODOURLESS (NOT detectable by smell; always absent),Inhalation ONLY (vehicle exhaust; wood-burning fires; generators; coal stoves),Blood (COHb% by co-oximetry; urgent)
T08,Carbon Monoxide,Volatile/Gas,Phase 2 — Moderate (COHb 20–40%),Severe headache; Confusion; Disorientation; Impaired judgement; Ataxia; Syncope,Tachycardia; Arrhythmia; Chest pain (angina),Dyspnoea at rest; Respiratory rate rises,Nausea; Vomiting (worsening),Weakness; Collapse; Cherry-red skin more apparent; Visual disturbances,NO odour — absolutely none at any stage,Inhalation,Blood (COHb% — URGENT; co-oximetry only; normal blood gas pO2 can be falsely normal)
T08,Carbon Monoxide,Volatile/Gas,Phase 3 — Severe/Fatal (COHb >50%),Coma; Seizures; Brain damage; Unresponsive,Cardiovascular collapse; Cardiac arrest; Bradycardia,Respiratory arrest; Apnoea,Aspiration risk,CHERRY-RED post-mortem lividity (hallmark); Bright red blood (COHb — visually apparent at autopsy); Hypoxic brain injury; Rhabdomyolysis,NO odour at any stage,Inhalation,Post-mortem blood (COHb preserved post-mortem); Vitreous humour; Lung tissue; Brain
T09,Ethanol / Methanol,Volatile/Gas,"Phase 1 — Early Ethanol (BAC 0.05–0.10%, 0–1 hr)",Euphoria; Disinhibition; Mild incoordination; Slurred speech beginning,Vasodilation; Flushing; Mild tachycardia,Normal,Nausea (mild),Impaired judgment; Decreased reaction time; Emotional lability,SWEET / ALCOHOLIC odour (ethanol on breath; OFTEN PRESENT — easy to detect; OPTIONAL parameter),Ingestion (oral),Blood (BAC — ethanol); Breath (breathalyser)
T09,Ethanol / Methanol,Volatile/Gas,Phase 2 — Acute Ethanol / Methanol latent (BAC >0.20% / 2–12 hrs methanol),"Ataxia (gross); Confusion; Stupor; Nystagmus; Dysarthria; For METHANOL: visual disturbances begin (blurring, altered colour vision)",Hypotension; Tachycardia; Vasodilation,"Respiratory depression (ethanol, high BAC); Aspiration risk",Vomiting (major risk for aspiration); Gastritis,Hypothermia; Hypoglycaemia; For methanol: no specific symptoms yet but formate accumulating,STRONG ALCOHOLIC odour (ethanol); Methanol: minimal odour — cannot be detected by smell reliably,Ingestion,Blood (BAC; methanol level); Urine (EtG if recent); Gastric lavage
T09,Ethanol / Methanol,Volatile/Gas,Phase 3 — Methanol toxic phase (12–48 hrs post-ingestion),VISUAL FAILURE (hallmark methanol): Blurred vision → Snowfield vision → BLINDNESS; Seizures (severe); Coma,Cardiovascular collapse (severe acidosis),"Kussmaul breathing (deep, rapid — severe metabolic acidosis); Respiratory failure",Nausea; Vomiting; Abdominal pain,SEVERE METABOLIC ACIDOSIS (high anion gap); Formate accumulation; Optic nerve oedema; Retinal toxicity; Blindness permanent if untreated,May have mild alcoholic odour; Methanol itself has faint odour — unreliable detection,Ingestion,Blood (methanol level; formate level; ABG — acidosis); Urine; Vitreous humour (post-mortem)
T10,Paraphenylenediamine,Dye/Industrial,Phase 1 — Early (0–4 hrs post-ingestion),None significant,Normal,Mild respiratory symptoms; Throat discomfort,Nausea; Vomiting; Oropharyngeal burning,Local oropharyngeal irritation; Mild cervical swelling begins,NO characteristic odour (hair dye may have chemical/ammonia smell if fresh — non-specific; OPTIONAL/unreliable),Ingestion (suicidal — hair dye emulsion; 80 mL bowlful typical); Dermal (topical allergy — less severe),Gastric lavage contents (CRITICAL — early); Blood (baseline renal); Urine (baseline)
T10,Paraphenylenediamine,Dye/Industrial,Phase 2 — Acute (4–24 hrs) — HALLMARK PHASE,None significant,Myocarditis developing; Cardiac conduction abnormalities; Fatal arrhythmia risk,UPPER AIRWAY OBSTRUCTION (laryngeal/cervical oedema); Stridor; Dyspnoea; Emergency tracheostomy may be required,Dysphagia; Drooling (oedema); Nausea persisting,CERVICOFACIAL OEDEMA (HALLMARK — massive swelling of neck/face); Rhabdomyolysis begins; Dark/BROWN URINE (myoglobinuria — hallmark); Elevated CK,NO characteristic odour,Ingestion,"Urine (BROWN — myoglobinuria; naked-eye diagnostic); Blood (CK, creatinine, cardiac enzymes); ECG"
T10,Paraphenylenediamine,Dye/Industrial,Phase 3 — Late (24–96 hrs) — Organ Failure,None specific CNS,Myocarditis established; Arrhythmia; Cardiac failure risk,Respiratory failure (if upper airway not secured); Pulmonary oedema,Hepatic necrosis; Liver failure signs,ACUTE RENAL FAILURE (myoglobin casts in renal tubules — ATN); Oliguria/Anuria; Elevated creatinine; Dialysis may be needed; Mortality 12–42%,NO characteristic odour,Ingestion,Blood (creatinine; BUN; CK; LFTs; PPD level by HPLC); Urine; Viscera (post-mortem: renal histopath)
T11,Paraquat,Pesticide,Phase 1 — Acute GI (0–24 hrs),None significant,Mild hypotension,Mild dyspnoea; not severe yet,SEVERE CORROSIVE GI BURNS (hallmark early); Oral/oesophageal burns; Bloodstained vomit; Dysphagia; Nausea; Diarrhoea,Oropharyngeal ulcers; Corrosive injury; Oral pain; Dysphagia,BLUE-GREEN liquid (commercial Gramoxone — visual sign at SCENE; not an odour); NO characteristic odour,Ingestion (suicidal — diluted Gramoxone; even small amounts fatal); Dermal (occupational; less common),Urine (dithionite test — bedside SPECIFIC; blue = positive); Blood plasma; Gastric lavage
T11,Paraquat,Pesticide,Phase 2 — Systemic (24–72 hrs),Confusion (hypoxia); Restlessness,Hypotension worsening; Cardiovascular compromise,PULMONARY FIBROSIS BEGINS (hallmark); Progressive dyspnoea; Increasing O2 requirement; NOTE: supplemental O2 worsens lung injury,Persistent dysphagia; Oropharyngeal ulcers progress,Acute renal failure; Hepatic dysfunction; Elevated liver enzymes; Raised creatinine,NO characteristic odour,Ingestion,Blood (paraquat level; Proudfoot nomogram for prognosis); Urine (dithionite); Renal function
T11,Paraquat,Pesticide,Phase 3 — Late Fibrosis (3–14 days) — Highly lethal,Confusion; Coma (hypoxia),Multi-organ failure; Cardiovascular collapse,PROGRESSIVE PULMONARY FIBROSIS FULLY ESTABLISHED; Respiratory failure; Ventilator-dependent; High FiO2 worsens; Death from hypoxic respiratory failure,Liver failure; Jaundice,Multiorgan failure; Acute renal failure; Hepatic failure; DIC; Death (high mortality even with treatment),NO characteristic odour,Ingestion,Lung tissue (post-mortem; fibrosis on histopath); Blood (paraquat); Viscera
T12,Carbolic Acid / Phenol,Corrosive,Phase 1 — Immediate (0–30 min),CNS STIMULATION: Excitement; Tremors; Headache; Seizures (early — high dose),Hypertension (early; CNS stimulation phase); Tachycardia,Mild respiratory irritation; Chest tightness,CORROSIVE BURNS: White coagulation of mucous membranes; Burning pain in mouth; Nausea; Vomiting; White/grey discolouration of gastric mucosa,Pallor of mucous membranes; Local coagulative necrosis; Skin burns (dermal),STRONG CARBOLIC / ANTISEPTIC ODOUR (unmistakable Dettol/ Lysol smell; OFTEN STRONGLY PRESENT; OPTIONAL parameter),Ingestion; Dermal absorption (significant percutaneous); Inhalation (vapour),Gastric lavage contents (CRITICAL — early); Blood; Urine (phenol metabolites early)
T12,Carbolic Acid / Phenol,Corrosive,Phase 2 — CNS Depression (30 min–4 hrs),CNS DEPRESSION (follows stimulation): Confusion; Drowsiness; Stupor; COMA; Hyporeflexia; Seizures → CNS depression transition,Hypotension (phase reversal from hypertension); Arrhythmia; Cardiac depression,Respiratory depression; Chemical pneumonitis (inhalation); Bronchospasm,Haematemesis; GI perforation (severe); Continued corrosive injury,Dark brown/black urine (phenol metabolites; parahydroquinone); Skin: grey-white coagulation necrosis; Dehydration,Carbolic odour persists in breath and gastric contents,Ingestion/Dermal/Inhalation,Urine (phenol metabolites; dark coloured — visual clue); Blood; Gastric lavage
T12,Carbolic Acid / Phenol,Corrosive,Phase 3 — Organ Failure (>4 hrs),Deep coma; Brain injury (hypoxia/ toxic),Cardiovascular collapse; Cardiac failure,Respiratory failure; Aspiration pneumonia,GI perforation risk; Hepatic necrosis,Acute renal failure; Methaemoglobinaemia (carbolic acid oxidises Hb); Cyanosis; Acidosis,Carbolic odour may persist in post-mortem tissues,Ingestion,Viscera (post-mortem); Urine (phenol); Blood (metHb level; GC-MS)
T13,Barbiturates,Alkaloid/Drug,Phase 1 — Mild Sedation (1–3 hrs post-ingestion),Drowsiness; Slurred speech; Ataxia; Nystagmus; Impaired judgment,Mild hypotension; Mild bradycardia,Mild respiratory rate reduction,Nausea; Vomiting (early),Hypothermia (mild); Reduced reflexes,NO characteristic odour (tablets are odourless),Ingestion (overdose; sedative abuse; often with alcohol),Blood (barbiturate level; serum); Gastric lavage; Urine (immunoassay)
T13,Barbiturates,Alkaloid/Drug,Phase 2 — Moderate–Severe (3–12 hrs),DEEP COMA; Absent reflexes; Fixed pupils (midbrain pressure); Loss of corneal reflex,Hypotension (significant); Bradycardia; CV depression,RESPIRATORY DEPRESSION (dose-dependent; Primary cause of death); Cheyne-Stokes breathing; Apnoea,Vomiting; Paralytic ileus; Aspiration risk,Hypothermia (profound; hallmark severe barb poisoning); Bullous skin lesions (barb blisters — classic sign); Flaccid paralysis,NO characteristic odour,Ingestion,Blood (serial barbiturate levels); Urine; Gastric lavage
T13,Barbiturates,Alkaloid/Drug,"Phase 3 — Severe/Fatal (>12 hrs, high dose)",Brain death; No response; Isoelectric EEG,Cardiovascular collapse; Cardiac arrest; Shock,Respiratory arrest; Apnoea; Aspiration pneumonia,,Profound hypothermia; Oliguria; Renal failure; Aspiration pneumonia; Barb blisters persist,NO characteristic odour,Ingestion,Post-mortem blood (femoral vein); Brain tissue; Liver; Vitreous humour; Gastric contents
T14,Organochlorine Pesticides,Pesticide,"Phase 1 — Early (0–4 hrs, acute ingestion)",Paraesthesia (tingling of tongue/lips — early); Headache; Dizziness; Restlessness; Hyperesthaesia,Hypertension (catecholamine sensitisation); Tachycardia,Mild dyspnoea; Chest tightness,Nausea; Vomiting; Abdominal pain; Diarrhoea,"Fatigue; Tremors (fine, begins early); Anorexia; Petroleum solvent odour from formulation",PETROLEUM / SOLVENT odour (from the formulation carrier — NOT the OCP itself; OPTIONAL/UNRELIABLE),Ingestion; Dermal absorption; Inhalation,Blood (OCP levels; serum — fat-soluble); Gastric lavage
T14,Organochlorine Pesticides,Pesticide,Phase 2 — Acute Toxic (4–12 hrs),GENERALISED SEIZURES (HALLMARK — key distinction from OP; no miosis!); Tremors (coarse); Myoclonic jerks; Hyperactivity; Confusion,Hypertension severe; Cardiac arrhythmia (catecholamine sensitisation; arrhythmia if adrenaline given — DANGEROUS); Ventricular fibrillation,Pulmonary oedema (severe cases),Vomiting persisting; Abdominal pain,Seizures WITHOUT miosis (KEY — differentiates from OP poisoning); Hyperthermia; Rhabdomyolysis; Lactic acidosis,Petroleum odour (if formulation present in gastric contents),Ingestion/Dermal,Blood (OCP serum levels); Urine; Gastric lavage; Fat biopsy (chronic)
T14,Organochlorine Pesticides,Pesticide,"Phase 3 — Chronic (months–years, repeated low-dose exposure)",Peripheral neuropathy; Cognitive impairment; Memory issues; Depression,No significant acute CVS,No significant resp,Anorexia; Nausea; Weight loss,Endocrine disruption (oestrogenic effects); Hepatic enzyme induction; Bioaccumulation in adipose tissue; Reproductive toxicity; Carcinogenicity (long-term),NO characteristic odour at chronic low levels,Dermal/Ingestion (chronic occupational or food contamination),Adipose tissue biopsy (GOLD for chronic OCP); Blood (serum lipids); Breast milk; Hair
T15,Zinc Phosphide,Rodenticide/Other,Phase 1 — Early (0–1 hr),Headache; Dizziness; Restlessness; Anxiety,Normal or mild hypotension,Cough; Dyspnoea (mild),NAUSEA; VOMITING (early and prominent); Abdominal pain; Epigastric burning,Garlic/phosphine odour strongly present; Diaphoresis,GARLIC / PHOSPHINE odour (similar to AlP; OFTEN PRESENT — practically diagnostic; OPTIONAL parameter),Ingestion (tablet/pellet — accidental or suicidal); Inhalation (phosphine gas released in stomach by gastric acid),Gastric lavage (CRITICAL); Blood (phosphine); Silver nitrate paper (bedside scene test)
T15,Zinc Phosphide,Rodenticide/Other,Phase 2 — Acute (1–6 hrs),Confusion; Agitation; Headache worsening; Seizures (hypoxia),Hypotension; Cardiac arrhythmia; ECG changes; Bradycardia,Pulmonary oedema; Dyspnoea severe; Cough; Respiratory distress,Profuse vomiting; Abdominal pain; Corrosive GI effects; Diarrhoea,Metabolic acidosis; Lactic acidosis; Liver dysfunction; Renal injury begins; Diaphoresis,Garlic/phosphine odour persisting in breath and gastric contents,Ingestion,Blood (phosphine; ABG — acidosis; ICP-MS for zinc); Gastric lavage; Liver enzymes; Renal function
T15,Zinc Phosphide,Rodenticide/Other,Phase 3 — Severe/Fatal (6–24 hrs),Coma; Unresponsive; Brain injury (hypoxia),Cardiovascular collapse; Refractory hypotension; Cardiac arrest,Respiratory failure; Apnoea; Cyanosis; Pulmonary oedema full,GI haemorrhage; Liver failure signs,Multiorgan failure; Acute hepatic failure; Renal failure; DIC; Hypothermia; Zinc toxicity to liver,Odour diminishing as phosphine depletes; still in gastric contents,Ingestion,Post-mortem: Gastric contents; Lung tissue; Liver; Kidney; Blood (zinc by AAS/ICP-MS)
T16,Datura,Plant/Botanical,Phase 1 — Early Anticholinergic (0–1 hr post-ingestion),Anxiety; Restlessness; Mild confusion; Disorientation begins; Euphoria (sometimes),TACHYCARDIA (hallmark; sinus tachycardia; heart rate 100–160/min); Hypertension,Normal or mild tachypnoea,Nausea; Vomiting; Dry mouth (xerostomia; hallmark early sign); Dysphagia,MYDRIASIS (dilated pupils; hallmark — opposite of OP); Flushed/hot dry skin; Fever begins; Urinary retention; Decreased bowel sounds,Sweet / musty odour from plant material (OPTIONAL — if seeds/ leaves present; NO odour from processed form),"Ingestion (seeds, leaves, tea, food adulteration — homicidal; accidental); Smoking (leaves); Dermal (eye exposure causes mydriasis)",Gastric lavage (URGENT); Blood (atropine/scopolamine); Urine
T16,Datura,Plant/Botanical,Phase 2 — Full Anticholinergic Syndrome (1–6 hrs) [Classic 'Mad as a Hen' phase],"DELIRIUM (hallmark — patient appears psychotic); Visual HALLUCINATIONS (vivid, often colourful); Agitation; Combative behaviour; Amnesia (scopolamine); Confusion; Dysarthria; Bizarre behaviour; Seizures (severe cases)",Tachycardia (sustained; >120–160 bpm); Hypertension; Arrhythmia (severe cases),Tachypnoea; Decreased bronchosecretions (dry airways — opposite of OP bronchospasm),Dry mouth severe; Abdominal distension; Ileus; Constipation; Decreased bowel sounds,ANTICHOLINERGIC TOXIDROME: 'Blind as a bat' (mydriasis) 'Hot as a hare' (hyperthermia) 'Dry as a bone' (anhidrosis) 'Red as a beet' (flushing) 'Mad as a hen' (delirium); Urinary retention; Hyperthermia (>39°C),Plant/seed odour if present in vomit/ gastric contents (OPTIONAL),"Ingestion (seeds, leaves, homicidal food adulteration; tea infusion)",Blood (atropine; scopolamine; hyoscyamine by LC-MS/MS); Gastric lavage; Urine
T16,Datura,Plant/Botanical,"Phase 3 — Severe/Coma (>6 hrs, high dose)",Coma; Seizures; Respiratory depression (high dose); Brain injury (hypoxia),Cardiovascular collapse (high dose); Arrhythmia; Cardiac arrest,Respiratory failure (extreme doses); Aspiration risk (delirium + vomiting),Paralytic ileus,Hyperthermia severe; Rhabdomyolysis; Multiorgan failure; Death (rare but reported with seed ingestion),No significant odour at this stage,Ingestion,Post-mortem: Vitreous humour (atropine/scopolamine detected; ScienceDirect 2016 case); Blood; Gastric contents; Liver; Urine
T17,Oleander,Plant/Botanical,Phase 1 — GI Phase (0–4 hrs post-ingestion),Headache; Dizziness; Mild drowsiness; Anxiety,ECG changes may begin (PR interval prolongation); Bradycardia begins; Mild hypotension,Normal,NAUSEA; VOMITING (prominent early; hallmark); Abdominal pain; Diarrhoea; Dysphagia (severe cases); Excessive salivation,Weakness; Lethargy; Visual disturbances (xanthopsia — yellow vision; classic for glycosides); Papaesthesia (tingling),NO characteristic odour (plant has mild smell but usually not detectable clinically),"Ingestion (leaves, seeds, bark — ALL parts toxic; even smoke from burning); Traditional medicine (abortifacient use India); Homicidal/suicidal",Gastric lavage (URGENT); Blood (oleandrin by LC-MS/MS); ECG monitoring; Serum K+
T17,Oleander,Plant/Botanical,Phase 2 — Cardiac Phase (4–12 hrs) — CRITICAL,Confusion; Worsening drowsiness; Syncope (from cardiac failure),CARDIAC ARRHYTHMIA (HALLMARK — multiple types): AV block (1st → complete); Bradycardia severe; Ventricular tachycardia; Ventricular fibrillation; HYPERKALAEMIA (K+ inhibition — fatal); Cardiac arrest,Dyspnoea (cardiac failure); Pulmonary oedema (cardiogenic),Vomiting persisting; Abdominal pain,HYPERKALEMIA (K+ rise — Key biochemical marker; parallels severity); Xanthopsia (yellow vision); Weakness; Syncope; Cardiac failure signs,NO characteristic odour,Ingestion,Blood (oleandrin by LC-MS/MS; cross-reacts with digoxin immunassay — use it for rapid screen); ECG (AV block type); Serum K+ (URGENT)
T17,Oleander,Plant/Botanical,Phase 3 — Late/Fatal (>12 hrs — organ failure),Coma (cardiogenic cerebral hypoperfusion); Seizures (hypoxia),Refractory arrhythmia; Complete heart block; Cardiovascular collapse; Sudden cardiac death,Pulmonary oedema; Respiratory failure,Hepatic dysfunction (ischaemia),Acute renal failure (cardiorenal syndrome); Multiorgan congestion (post-mortem hallmark); Myocardial dysfunction on histopath,NO characteristic odour,Ingestion,Post-mortem: Blood; Bile; Vitreous humour; Liver; Kidney; Gastric contents (LC-MS/MS for oleandrin)
T18,Snakebite — Neurotoxic,Envenomation,Phase 1 — Local/Early (0–1 hr post-bite),Anxiety; Headache; Drowsiness (scopolamine- like — krait); Restlessness,Normal or mild tachycardia (anxiety),Normal,Nausea; Vomiting (early — systemic absorption),LOCAL effects (COBRA): Pain at bite site; Swelling; Fang marks (two puncture wounds); Local necrosis may begin; KRAIT: minimal local reaction — deceptively mild at this stage; Paraesthesia of limb,NO characteristic odour (envenomation — odour not applicable),Subcutaneous injection (snakebite — fang penetration); Route fixed: envenomation through fang puncture,Blood (clotting time; CBC; coagulation profile); Wound assessment
T18,Snakebite — Neurotoxic,Envenomation,Phase 2 — Neurotoxic Phase (1–6 hrs) [Develops faster in Krait; slower in Cobra],NEUROMUSCULAR PARALYSIS (hallmark — descending): PTOSIS (drooping eyelids — FIRST sign of neurotoxicity); Ophthalmoplegia; Facial muscle weakness; Dysarthria; Dysphagia; KRAIT: Locked-in syndrome (reported N. India PMC 11892126),Bradycardia (cobra cardiotoxins); Hypotension,RESPIRATORY PARALYSIS (primary cause of death); Decreasing tidal volume; Cyanosis; Apnoea,Vomiting; Abdominal pain (persisting),Generalised flaccid paralysis (descending); Absent deep tendon reflexes; KRAIT bites often at night — victim wakes with paralysis; NEOSTIGMINE test can partially reverse (postsynaptic toxin — cobra responds better),NO characteristic odour,Snakebite (fang injection),Blood (clotting time; ASV response monitor); Pulse oximetry; Arterial blood gas (respiratory failure); ECG (cobra cardiotoxin)
T18,Snakebite — Neurotoxic,Envenomation,Phase 3 — Severe/Fatal (6–24 hrs untreated),Complete unresponsive paralysis; Coma (hypoxia); Brain injury,Cardiac arrest (hypoxia + cardiotoxin),Complete respiratory arrest; Apnoea; Ventilator required,,Death from respiratory failure if untreated; ASV effective if given early; Neostigmine partially reversible (cobra); Post-mortem: venom detectable in wound tissue and blood by ELISA,NO characteristic odour,Snakebite,Post-mortem: Wound tissue (venom ELISA — species-specific); Blood; Vitreous humour; Forensic: two fang marks on skin
T19,Snakebite — Haemotoxic,Envenomation,Phase 1 — Local Phase (0–2 hrs),Anxiety; Headache; Drowsiness,Normal or mild hypotension begins,Normal,Nausea; Vomiting; Abdominal pain,SEVERE LOCAL EFFECTS (hallmark Viperidae): Intense pain at bite site; Rapid swelling/oedema (spreading); Tissue necrosis begins; Blistering; Fang marks with haemorrhage; Paraesthesia; Local bleeding from fang marks,NO characteristic odour,Snakebite (fang injection),Blood (20-min whole blood clotting time — WBCT20 — bedside; PT; aPTT; fibrinogen; D-dimer); Urine (haematuria check)
T19,Snakebite — Haemotoxic,Envenomation,Phase 2 — Systemic Haemotoxic Phase (2–12 hrs) [WBCT20 prolonged = KEY diagnostic],Confusion (hypotension); Restlessness; INTRACRANIAL BLEEDING (rare but fatal — 3% PMC 11892126),Hypotension (significant); Tachycardia; SHOCK (distributive); Cardiovascular collapse,Haemoptysis (pulmonary bleeding); Dyspnoea (shock + pulmonary haemorrhage),Haematemesis (GI bleeding — 28% PMC 11892126); Abdominal pain,COAGULOPATHY (HALLMARK): DIC (disseminated intravascular coagulation); Spontaneous bleeding from gums/nose/wounds; GUM BLEEDING (47%); HAEMATURIA (38%); SUBCONJUNCTIVAL haemorrhage (3%); ECCHYMOSIS; WBCT20 prolonged (non-clotting blood — bedside test); Acute Kidney Injury,NO characteristic odour,Snakebite,Blood (WBCT20 — CRITICAL; PT; aPTT; fibrinogen; d-dimer; CBC; RFT); Urine (haematuria; RBC casts — renal); ECG
T19,Snakebite — Haemotoxic,Envenomation,Phase 3 — Organ Failure (12–72 hrs),Encephalopathy (uremia; intracranial bleed; hypotension); Coma (rare but reported),Refractory shock; Cardiovascular failure,Pulmonary haemorrhage; Respiratory failure (ARDS-like),Hepatic failure; Jaundice; GI haemorrhage persisting,ACUTE KIDNEY INJURY (hallmark delayed Russell's viper): Oliguria; Anuria; Dialysis required; Tubular necrosis; Coagulopathy persists; Rhabdomyolysis (Russell's viper myotoxin),NO characteristic odour,Snakebite,Post-mortem: Blood; Wound tissue (venom ELISA); Kidney (histopath — ATN); Liver; Adrenal glands (viper adrenal haemorrhage — classic PM)
T20,Kerosene / Petroleum Distillates,Volatile/Gas,Phase 1 — Immediate (0–30 min),"Drowsiness (mild); Dizziness; Euphoria (brief, volatile hydrocarbon CNS effect)",Tachycardia (mild; fear/aspiration response),COUGH (immediate — primary presenting sign); Choking; Gagging; Aspiration — even small amounts during ingestion,Nausea; Vomiting (DANGEROUS — aspiration risk during vomiting; NEVER induce vomiting); Burning in mouth/throat; Abdominal pain,Petroleum odour on breath and vomit (strong — nearly always present); Coughing; Gagging,"STRONG PETROLEUM/ KEROSENE odour on breath, vomit, gastric contents (OFTEN STRONGLY PRESENT; OPTIONAL parameter — but highly reliable)",Ingestion (accidental — children <5 years most common; stored in soft drink bottles India); Aspiration primary hazard (not GI toxicity),Chest X-ray (aspiration pneumonitis — urgent); Blood (SpO2); Gastric lavage (CONTRAINDICATED — risk of aspiration)
T20,Kerosene / Petroleum Distillates,Volatile/Gas,Phase 2 — Pulmonary Phase (30 min–24 hrs),CNS depression (hydrocarbon CNS effect); Ataxia; Seizures (hypoxia or direct CNS); Coma (severe cases),Tachycardia; Arrhythmia (sensitisation to catecholamines — similar to OCP); Hypotension (severe),ASPIRATION PNEUMONITIS (HALLMARK): Fever; Tachypnoea; Bilateral crepitations; Cyanosis; Pulmonary infiltrates on CXR; Respiratory failure (ARDS pattern),Vomiting (continuing aspiration risk); GI irritation,Fever (chemical pneumonitis); Cyanosis; Liver toxicity (rare; halogenated HC more); Bone marrow suppression (chronic benzene exposure),PETROLEUM odour persists in breath and gastric contents; Strong and persistent,Ingestion (accidental; paediatric),Chest X-ray (aspiration pneumonitis pattern); Arterial blood gas (hypoxia); Blood (CBC; LFTs; SpO2); Gastric contents (GC-HS for HC)
T21,Copper Sulphate,Corrosive,Phase 1 — Acute GI (0–2 hrs),Headache; Dizziness; Anxiety,Tachycardia; Normal BP initially,Normal,PROMINENT GI EFFECTS: Nausea; VOMITING (BLUE-GREEN vomit — hallmark and near- diagnostic visual sign); Abdominal pain; Diarrhoea; Metallic taste; Burning in throat,BLUE-GREEN vomit and gastric contents (copper sulphate); Metallic/astringent taste; Conjunctival icterus (yellowing — early haemolysis sign),NO specific external odour (metallic taste but not external odour),Ingestion (suicidal — consuming dissolved blue crystals; accidental in food contamination; ritual use India); Dermal (industrial; skin burns),Gastric lavage (URGENT — before absorption); Blood (Cu level; haemolysis markers); Urine (haemoglobinuria)
T21,Copper Sulphate,Corrosive,Phase 2 — Haemolytic/Systemic (2–24 hrs),Confusion; Encephalopathy (copper toxicity + haemolysis + renal); Seizures (severe cases),Hypotension; Tachycardia; MethHb-related cardiac effects,Tachypnoea (anaemia/acidosis); Dyspnoea,Haematemesis (corrosive GI damage); Icterus (jaundice — haemolysis),INTRAVASCULAR HAEMOLYSIS (hallmark copper toxicity): Haemoglobinuria (brown/red urine); Jaundice (icteric sclerae); Methaemoglobinaemia; Acute renal failure; Hepatic damage (copper accumulation); Methylene blue for metHb if needed,NO significant external odour,Ingestion,Blood (serum copper; LDH; haemolysis panel; CBC; LFTs); Urine (haemoglobin; copper); Blood (MetHb level)
T21,Copper Sulphate,Corrosive,Phase 3 — Organ Failure (24–72 hrs),Coma; Encephalopathy (hepatic + copper direct CNS),Cardiovascular collapse; Shock,Respiratory failure (haemolytic anaemia + shock),Fulminant hepatic failure; Jaundice (deep),Acute renal failure (tubular damage; haemoglobin casts); Wilson-like acute copper toxicity; DIC; Multiorgan failure,NO significant external odour,Ingestion,Post-mortem: Blood; Liver (copper content by AAS/ICP-MS); Kidney; Gastric contents (blue-green material)
T22,Aconite / Aconitine,Plant/Botanical,Phase 1 — Neurological Early (0–30 min),"Paraesthesia/tingling of mouth, tongue, face, extremities (IMMEDIATE hallmark — neurological start); Dizziness; Weakness; Anxiety",Normal or early tachycardia,Normal,Nausea; Vomiting; Abdominal pain; Diarrhoea; Hypersalivation,BURNING and tingling of lips/tongue/face (pathognomonic early sign of aconite); Paraesthesia spreading to limbs; Weakness begins; Increased secretions,NO characteristic external odour,Ingestion (root/tuber; accidental — mixed with Ayurvedic prep; homicidal; food contamination); Traditional medicine (improperly processed aconite — Ayurveda),Gastric lavage (URGENT); Blood (aconitine by LC-MS/MS); Urine; ECG (urgent)
T22,Aconite / Aconitine,Plant/Botanical,Phase 2 — Cardiac/Paralytic (30 min–3 hrs) — RAPIDLY FATAL,Motor weakness (ascending); Ataxia; Hyporeflexia; CNS depression (late),CARDIAC ARRHYTHMIA (HALLMARK — most fatal feature): Ventricular tachycardia; Ventricular fibrillation; Bradycardia; Multiple ECG changes; Complete AV block; Cardiac arrest; Hypotension,Respiratory muscle paralysis; Dyspnoea; Respiratory failure; Apnoea,Vomiting; Diarrhoea persisting; Hypersalivation,GENERALISED PARALYSIS (ascending — from GI to limbs to respiratory); Hypotension (severe); Hypothermia; Diaphoresis; Death can occur within 1–6 hrs without treatment,NO characteristic external odour,Ingestion,Blood (aconitine; LC-MS/MS); ECG (continuous — arrhythmia detection); Blood (electrolytes); Urine
T22,Aconite / Aconitine,Plant/Botanical,Phase 3 — Fatal (>3 hrs — rapid progression),Coma; Brain death (hypoxia),Refractory ventricular fibrillation; Cardiac arrest; Cardiovascular collapse,Respiratory arrest; Apnoea; Cyanosis,,Death from cardiac arrhythmia or respiratory paralysis — VERY rapid; Post-mortem: Aconitine detectable in tissues (stable PM); No specific gross PM findings — toxicology critical for diagnosis,NO characteristic external odour,Ingestion,Post-mortem: Blood; Gastric contents; Liver; Bile; Urine (if available); LC-MS/MS for aconitine (GC-MS also usable)
T23,Calotropis,Plant/Botanical,Phase 1 — Local/GI Early (0–1 hr),Headache; Dizziness; Mild CNS effects,Tachycardia (early),Normal or mild tachypnoea,SEVERE GI IRRITATION: Nausea; Vomiting; Diarrhoea; Abdominal pain; Burning in mouth/throat (corrosive latex),OCULAR EFFECTS (if latex contacts eye): Severe conjunctivitis; Corneal ulceration; 'Milk latex' vesicles in mouth/skin; Dermal burns from latex; Local tissue necrosis,Milky latex odour (if plant parts present; OPTIONAL — faint),Ingestion (plant parts; leaves; latex; accidental/homicidal); Dermal (latex on skin; serious local burns); Ocular (latex in eye),Blood (calotropin by LC-MS/MS); Gastric lavage; ECG (cardiac glycoside monitoring)
T23,Calotropis,Plant/Botanical,Phase 2 — Systemic Cardiac (1–6 hrs),Confusion; Drowsiness; Weakness; CNS depression,CARDIAC ARRHYTHMIA (cardiac glycoside effect — similar to oleander/digoxin): Bradycardia; AV block; Ventricular arrhythmia; Hypotension; Hyperkalemia,Dyspnoea (cardiac failure); Respiratory depression,Vomiting persists; Diarrhoea,HYPERKALEMIA; Weakness (generalised); Myocardial depression; Similar to digitalis toxicity; Hyperthermia (some reports),NO significant odour at this stage,Ingestion,Blood (K+; ECG; calotropin by LC-MS/MS; cross-reacts with digoxin immunoassay); Serum electrolytes
T24,Benzodiazepines,Alkaloid/Drug,Phase 1 — Mild Sedation (30–90 min post-ingestion),Drowsiness; Sedation; Anterograde amnesia (hallmark — cannot form new memories); Reduced anxiety; Mild confusion; Ataxia,Mild hypotension; Mild bradycardia (slight),Mild respiratory rate reduction,Nausea; Mild GI irritation,Slurred speech; Ataxia (unsteady gait); Blurred vision; Muscle relaxation; Reduced coordination; Anterograde amnesia (very characteristic — victim cannot recall events after ingestion — forensic significance in DFSA),NO characteristic odour (tablets odourless; alcohol smell if combined ingestion),Ingestion (overdose; abuse); Injection (IV diazepam); DFSA (Drug Facilitated Sexual Assault) — alcohol + BZD covertly added to drink,Blood (BZD level — immunassay screen); Urine (up to 72 hrs; long-acting up to 7 days); Hair (DFSA investigations; detects back to 3–6 months)
T24,Benzodiazepines,Alkaloid/Drug,"Phase 2 — Moderate–Severe (>2 hrs, high dose or combined with alcohol)",DEEP SEDATION; Coma (BZD alone rarely causes deep coma unless combined with alcohol/opioids); Confusion; Hyporeflexia; Nystagmus,Hypotension; Bradycardia,Respiratory depression (SIGNIFICANT when combined with alcohol/ opioids — synergistic); Aspiration risk,Vomiting (aspiration risk in coma),"Hypothermia (mild); Flaccid muscles; Flumazenil reversal (diagnostic and therapeutic — if BZD-only, reverses within 1–2 min); NEVER lethal alone (BZD therapeutic index very wide) — DANGER only with co-ingestion",NO characteristic odour,Ingestion / IV injection,Blood (BZD by GC-MS; immunassay positive is screening); Gastric lavage; Urine (BZD metabolites)
T25,Paracetamol / Acetaminophen,Alkaloid/Drug,Phase 1 — Asymptomatic / GI (0–24 hrs),Minimal or NO CNS symptoms (deceptive quiet phase — patient feels 'ok' but liver damage begins); Mild nausea; Headache,Normal,Normal,Nausea; Vomiting; Abdominal discomfort (mild); Anorexia,DECEPTIVE LATENT PHASE: Patient appears well; Liver damage (NAPQI toxic metabolite) begins silently; No clinical signs of hepatotoxicity yet; PARADOX: mildest phase = greatest need for treatment (N-acetylcysteine now is most effective),NO characteristic odour,Ingestion (overdose; suicidal; accidental paediatric); Available OTC India — very common,Blood (paracetamol level — Rumack-Matthew nomogram; CRITICAL at 4 hrs); Liver function tests (AST/ALT — begin rising); INR
T25,Paracetamol / Acetaminophen,Alkaloid/Drug,Phase 2 — Hepatotoxic Phase (24–72 hrs) — CRITICAL,Confusion (hepatic encephalopathy begins if severe); Restlessness,Tachycardia; Hypotension (severe hepatic failure),Tachypnoea (metabolic acidosis),RIGHT UPPER QUADRANT PAIN (liver tenderness — hallmark phase 2); Nausea; Vomiting; Jaundice begins; Hepatomegaly,HEPATOCELLULAR NECROSIS (primary toxicity): Jaundice (icteric sclerae); Coagulopathy (INR rises); Liver enzymes: AST/ALT >1000 IU/L (hepatic zone 3 necrosis); Acute renal failure (hepatorenal syndrome); Hypoglycaemia,NO characteristic odour,Ingestion,Blood (AST; ALT; INR; bilirubin; BUN; creatinine; glucose); Paracetamol level (if still early); Arterial blood gas
T25,Paracetamol / Acetaminophen,Alkaloid/Drug,"Phase 3 — Fulminant Hepatic Failure (>72 hrs, severe cases)",Hepatic encephalopathy (Grade III–IV); Coma; Cerebral oedema,Cardiovascular collapse; Arrhythmia (electrolyte disturbance),Pulmonary oedema; Respiratory failure (ARDS pattern),Fulminant liver failure; Deep jaundice; Ascites,FULMINANT HEPATIC FAILURE: Coagulopathy (INR >6); Hypoglycaemia (severe); Metabolic acidosis; Multiorgan failure; Cerebral oedema; Death (if no transplant available); Post-mortem: Centrilobular hepatic necrosis (zone 3 — pathognomonic histopath),NO characteristic odour,Ingestion,Post-mortem: Liver (histopath — zone 3 centrilobular necrosis; diagnostic); Blood (paracetamol residual; LFTs; INR); Gastric contents
